site_index,lon,lat,thresh_min,area_km2,pop,cropland_km2,rwi_mean,rwi_pop_weighted,mean_travel_min
1,13.502981,-12.430235,30,461.32532859184533,1315503.75,24.323957273329725,0.39277803897857666,0.7743657827377319,18.95269012451172
1,13.502981,-12.430235,60,1617.4341842611236,1643761.5,41.899775633624344,0.0785713791847229,0.6625508666038513,38.911373138427734
1,13.502981,-12.430235,120,6959.789692219553,1878976.5,427.7629170210388,-0.2918799817562103,0.562554121017456,82.08094787597656
1,13.502981,-12.430235,240,29453.536989265172,2895607.0,3324.430511665506,-0.4367780089378357,0.2905297875404358,159.177734375
2,13.92658333,-11.99188889,30,335.01050292723016,16329.6904296875,8.770782912548148,-0.4637486934661865,-0.21060100197792053,19.446008682250977
2,13.92658333,-11.99188889,60,1561.2585533480578,40200.38671875,47.38221936191012,-0.4832633435726166,-0.2872163653373718,40.51968765258789
2,13.92658333,-11.99188889,120,5341.651620153712,1731844.375,551.0058333134605,-0.34583815932273865,0.5892091989517212,77.4573974609375
2,13.92658333,-11.99188889,240,20345.275159811514,2318866.0,1923.8297846858597,-0.4014630913734436,0.409266859292984,157.51339721679688
3,13.92658333,-11.98361111,30,315.65360739257335,16150.111328125,8.299543476296554,-0.4633826017379761,-0.2106766700744629,19.770854949951172
3,13.92658333,-11.98361111,60,1506.5826536039904,38185.51171875,40.54146537843526,-0.48421603441238403,-0.28465235233306885,40.83229446411133
3,13.92658333,-11.98361111,120,5198.801904888622,1691232.5,525.1613203175991,-0.3447573781013489,0.6077117323875427,77.72053527832031
3,13.92658333,-11.98361111,240,20059.179157415856,2308505.5,1899.5787553688988,-0.40083879232406616,0.41260266304016113,158.01434326171875
4,13.93563889,-11.97777778,30,178.4643023596027,14024.1474609375,6.094571306206545,-0.4493217468261719,-0.18169985711574554,22.415138244628906
4,13.93563889,-11.97777778,60,1103.5814011627758,30026.42578125,19.486737923752646,-0.4974793791770935,-0.2876850962638855,43.17109298706055
4,13.93563889,-11.97777778,120,4370.049092508319,1184787.25,389.94240570554535,-0.3586569130420685,0.590213418006897,80.15957641601562
4,13.93563889,-11.97777778,240,18285.967313913607,2263626.5,1759.7552510300088,-0.3945464789867401,0.42760714888572693,161.09207153320312
5,13.96986111,-11.97677778,30,440.2831883370501,18861.99609375,10.892569376056711,-0.4787750840187073,-0.2441243678331375,19.38093376159668
5,13.96986111,-11.97677778,60,1621.0543485252056,41094.94140625,52.18831448669367,-0.48947808146476746,-0.29302680492401123,38.9764404296875
5,13.96986111,-11.97677778,120,5380.364256590647,1734406.875,556.3789482335983,-0.34623706340789795,0.5880246162414551,76.63948822021484
5,13.96986111,-11.97677778,240,20377.179319458905,2319552.75,1926.4988295626335,-0.40149980783462524,0.4090583622455597,157.11834716796875
6,13.96986111,-11.97169444,30,447.02517937662043,18959.25,10.614885196049194,-0.4807693362236023,-0.24530154466629028,19.474123001098633
6,13.96986111,-11.97169444,60,1596.66780297471,39850.8359375,48.44394438575952,-0.49174898862838745,-0.29205912351608276,38.831939697265625
6,13.96986111,-11.97169444,120,5315.659961806894,1717922.0,544.023378216594,-0.3455955982208252,0.5955468416213989,76.67831420898438
6,13.96986111,-11.97169444,240,20228.650190406952,2315650.5,1914.9535256862114,-0.4012141227722168,0.4102236032485962,157.2867889404297
7,13.97575,-11.94577778,30,295.5084875669696,16180.1630859375,7.980407086079906,-0.44749632477760315,-0.2100026160478592,21.773977279663086
7,13.97575,-11.94577778,60,1265.1723069739207,32921.8828125,29.344314453102285,-0.49790841341018677,-0.30281826853752136,40.79448318481445
7,13.97575,-11.94577778,120,4664.262644389203,1414900.0,437.5597834223454,-0.3512847125530243,0.6448621153831482,78.41844940185547
7,13.97575,-11.94577778,240,18957.364022693677,2280856.5,1811.1025667100798,-0.3968217372894287,0.42168062925338745,159.6579132080078
8,13.95425,-12.04463889,30,478.88852659794446,18573.818359375,11.144019352040246,-0.45608484745025635,-0.22395433485507965,18.92897605895996
8,13.95425,-12.04463889,60,2013.7260508793202,57246.390625,108.92280473053259,-0.4693029522895813,-0.277952641248703,39.83095169067383
8,13.95425,-12.04463889,120,6263.506761012442,1798898.5,699.3138909654915,-0.36038100719451904,0.5571618676185608,75.73078918457031
8,13.95425,-12.04463889,240,22237.05660157933,2483285.75,2123.248686320151,-0.40446481108665466,0.3826412856578827,154.59088134765625
9,13.95227778,-12.04691667,30,478.88852659794446,18573.818359375,11.144019352040246,-0.45608484745025635,-0.22395433485507965,18.92897605895996
9,13.95227778,-12.04691667,60,2013.7260508793202,57246.390625,108.92280473053259,-0.4693029522895813,-0.277952641248703,39.83095169067383
9,13.95227778,-12.04691667,120,6263.506761012442,1798898.5,699.3138909654915,-0.36038100719451904,0.5571618676185608,75.73078918457031
9,13.95227778,-12.04691667,240,22237.05660157933,2483285.75,2123.248686320151,-0.40446481108665466,0.3826412856578827,154.59088134765625
10,13.94530556,-12.08802778,30,407.30629708877996,17214.15234375,9.410085044009042,-0.44619640707969666,-0.21192944049835205,19.665685653686523
10,13.94530556,-12.08802778,60,1917.6791951839814,58305.75,81.6935789989086,-0.4651082456111908,-0.2654778063297272,41.02470779418945
10,13.94530556,-12.08802778,120,6327.15460713523,1802438.0,697.1809154321445,-0.3583030104637146,0.5569410920143127,76.63441467285156
10,13.94530556,-12.08802778,240,22579.867615979987,2542161.5,2174.319645478906,-0.4049428701400757,0.3804236650466919,155.2427215576172
11,13.91877778,-12.01580556,30,340.0444883686466,16262.09765625,8.795879352131749,-0.46340858936309814,-0.2109539955854416,19.411527633666992
11,13.91877778,-12.01580556,60,1620.101797656146,42846.59765625,52.30243599956812,-0.48145797848701477,-0.28211545944213867,40.71063232421875
11,13.91877778,-12.01580556,120,5544.998876669746,1762516.625,583.4610330823934,-0.34753644466400146,0.5744888782501221,77.30863189697266
11,13.91877778,-12.01580556,240,20820.10559966432,2360293.75,1963.8998466517694,-0.40189769864082336,0.403808057308197,156.98611450195312
12,13.92405556,-12.01369444,30,340.0444883686466,16262.09765625,8.795879352131749,-0.46340858936309814,-0.2109539955854416,19.411527633666992
12,13.92405556,-12.01369444,60,1620.101797656146,42846.59765625,52.30243599956812,-0.48145797848701477,-0.28211545944213867,40.71063232421875
12,13.92405556,-12.01369444,120,5544.998876669746,1762516.625,583.4610330823934,-0.34753644466400146,0.5744888782501221,77.30863189697266
12,13.92405556,-12.01369444,240,20820.10559966432,2360293.75,1963.8998466517694,-0.40189769864082336,0.403808057308197,156.98611450195312
13,13.92233333,-12.10586111,30,480.4584604457612,21567.521484375,9.754596572356801,-0.4457446336746216,-0.22638040781021118,19.753902435302734
13,13.92233333,-12.10586111,60,2098.393700714319,134637.671875,86.88017980437147,-0.44442662596702576,0.07888594269752502,40.84557342529297
13,13.92233333,-12.10586111,120,6730.377080600502,1827723.0,737.1479128674833,-0.35905200242996216,0.5498722791671753,75.94905853271484
13,13.92233333,-12.10586111,240,23403.44836883765,2604358.5,2298.57988371037,-0.40618517994880676,0.370676726102829,154.07362365722656
14,13.85897222,-11.81066667,30,10.95043334387828,0.0,0.0,,,18.60110855102539
14,13.85897222,-11.81066667,60,44.64407287913715,37.668975830078125,0.016846820166194553,,0.0,39.069419860839844
14,13.85897222,-11.81066667,120,373.07683451739734,2334.037841796875,0.9935678723232753,-0.5401078462600708,-0.418131560087204,93.26184844970703
14,13.85897222,-11.81066667,240,5180.8814075566115,1539814.125,475.80502390952796,-0.34861189126968384,0.6420714259147644,186.6324005126953
15,13.91002778,-12.15422222,30,381.95731322386087,18712.109375,6.858667115517773,-0.4140912890434265,-0.19535474479198456,21.23330307006836
15,13.91002778,-12.15422222,60,1863.4305466421856,167291.3125,77.60270519046614,-0.4285629093647003,0.1661945879459381,42.36323547363281
15,13.91002778,-12.15422222,120,6802.617603008775,1835608.375,761.5811240741239,-0.36185410618782043,0.5473043918609619,77.75613403320312
15,13.91002778,-12.15422222,240,23488.226243693236,2609018.5,2310.302044022637,-0.4062727093696594,0.3696650564670563,154.14932250976562
16,14.06216667,-11.86805556,30,265.272802920456,7053.6416015625,4.689832541188374,-0.4958285391330719,-0.4404318928718567,20.2259464263916
16,14.06216667,-11.86805556,60,835.2510156171255,24846.88671875,25.424227915000728,-0.4925178587436676,-0.2892369031906128,37.28541564941406
16,14.06216667,-11.86805556,120,3433.737033977828,728598.625,233.57426763212266,-0.3860626816749573,0.5856709480285645,80.71780395507812
16,14.06216667,-11.86805556,240,15823.331956817241,2189138.5,1585.499651004543,-0.3887820541858673,0.4500771760940552,164.41712951660156
17,14.02297222,-12.11763889,30,10.93795051271538,147.31021118164062,1.3209778566147217,-0.5539761185646057,-0.5404148101806641,18.60110855102539
17,14.02297222,-12.11763889,60,44.59318133843971,539.0011596679688,3.0710398724979138,-0.5299729108810425,-0.384758859872818,39.069419860839844
17,14.02297222,-12.11763889,120,859.1571719751753,33155.578125,136.21111408547708,-0.4647058844566345,-0.2976726293563843,101.34752655029297
17,14.02297222,-12.11763889,240,10830.1696520232,2048060.875,1216.6019963919089,-0.3804246485233307,0.49756038188934326,180.6431427001953
18,14.63861111,-12.08,30,35.3411693673737,905.6902465820312,2.3812413250896864,-0.45937222242355347,-0.23694543540477753,22.089126586914062
18,14.63861111,-12.08,60,358.4289314574548,8793.099609375,29.89992494891286,-0.3868429362773895,-0.27062153816223145,45.362979888916016
18,14.63861111,-12.08,120,3209.120179845962,173912.46875,620.3273369738793,-0.43191173672676086,-0.14390601217746735,91.14362335205078
18,14.63861111,-12.08,240,14650.95833642317,2229082.5,1889.343633302367,-0.3818209171295166,0.42888161540031433,163.28480529785156
19,13.8477,-12.30325,30,528.0091247320836,22914.751953125,12.053943677332438,-0.3606111407279968,-0.20494778454303741,19.510175704956055
19,13.8477,-12.30325,60,2129.6375398742985,961440.5625,147.34421409198342,-0.25842249393463135,0.5390499234199524,39.75424575805664
19,13.8477,-12.30325,120,8638.545420293533,1950417.0,973.5341683441795,-0.36969202756881714,0.5246753096580505,79.13065338134766
19,13.8477,-12.30325,240,27277.926213235398,2782415.75,2887.677586095906,-0.4167250692844391,0.3244069218635559,150.40870666503906
20,14.8,-12.9167,30,226.4643676710015,29825.859375,52.614802385158164,-0.2366769164800644,-0.13751934468746185,22.484220504760742
20,14.8,-12.9167,60,1186.6635260111805,166425.34375,295.9991506696068,-0.3335733711719513,0.00595103669911623,42.52569580078125
20,14.8,-12.9167,120,5188.94306912789,551428.25,1274.1460184523205,-0.428083598613739,-0.1640952080488205,82.34741973876953
20,14.8,-12.9167,240,21965.344490082414,2171496.5,4004.9962041930394,-0.4476270079612732,0.11780833452939987,159.74746704101562
21,14.7682393,-12.3545192,30,645.582850078928,93827.3984375,224.5888682429741,-0.3395020663738251,-0.011838200502097607,19.188962936401367
21,14.7682393,-12.3545192,60,2175.3890341193996,175871.34375,502.51293298442147,-0.36966946721076965,-0.13802345097064972,38.30576705932617
21,14.7682393,-12.3545192,120,7309.700592351953,390967.71875,1301.9729749275607,-0.4163513779640198,-0.2218710035085678,74.9937515258789
21,14.7682393,-12.3545192,240,23127.655692246983,2847281.0,3438.825868092341,-0.41773316264152527,0.2938212454319,150.28500366210938
22,14.00276944,-13.02198333,30,526.5253384403813,65897.3671875,80.38310816607543,-0.462835431098938,-0.15615633130073547,18.92943000793457
22,14.00276944,-13.02198333,60,2144.615034359522,240769.4375,456.2107966508829,-0.5049706101417542,-0.15557445585727692,40.09684753417969
22,14.00276944,-13.02198333,120,9150.687279533846,1395286.0,1730.535491715397,-0.47533342242240906,0.25733816623687744,80.39472198486328
22,14.00276944,-13.02198333,240,30047.132444686824,3139523.75,4200.619644913589,-0.43687278032302856,0.23724259436130524,151.1724395751953
23,-1.7976931348623157e+308,-1.7976931348623157e+308,30,0.0,0.0,0.0,,,
23,-1.7976931348623157e+308,-1.7976931348623157e+308,60,0.0,0.0,0.0,,,
23,-1.7976931348623157e+308,-1.7976931348623157e+308,120,0.0,0.0,0.0,,,
23,-1.7976931348623157e+308,-1.7976931348623157e+308,240,0.0,0.0,0.0,,,
24,13.48618333,-12.60254167,30,387.1803474953282,909607.5,22.535879861902878,0.305101215839386,0.6993169188499451,20.378347396850586
24,13.48618333,-12.60254167,60,1400.1372596741962,1654574.375,34.65222727832488,0.17724314332008362,0.6731144785881042,39.04200744628906
24,13.48618333,-12.60254167,120,5823.825460663938,1824859.75,225.40196605766084,-0.20569807291030884,0.5909416675567627,80.36236572265625
24,13.48618333,-12.60254167,240,28449.825101519935,2882267.5,3283.4055333787605,-0.440333753824234,0.29171881079673767,163.6479949951172
25,14.25963,-13.04825,30,572.6063308430772,158658.4375,251.9116402658153,-0.5111284255981445,-0.07420405745506287,18.77549934387207
25,14.25963,-13.04825,60,2394.416643926374,393439.75,816.4004954152804,-0.49183884263038635,-0.1280926913022995,39.978580474853516
25,14.25963,-13.04825,120,9526.70334857097,784074.0,2038.9518772753665,-0.4846231937408447,-0.25290149450302124,78.3348159790039
25,14.25963,-13.04825,240,29683.97462577314,3173738.25,4474.602342299433,-0.4350513815879822,0.23094885051250458,149.350830078125
26,14.25974,-13.04839,30,572.6063308430772,158658.4375,251.9116402658153,-0.5111284255981445,-0.07420405745506287,18.77549934387207
26,14.25974,-13.04839,60,2394.416643926374,393439.75,816.4004954152804,-0.49183884263038635,-0.1280926913022995,39.978580474853516
26,14.25974,-13.04839,120,9526.70334857097,784074.0,2038.9518772753665,-0.4846231937408447,-0.25290149450302124,78.3348159790039
26,14.25974,-13.04839,240,29683.97462577314,3173738.25,4474.602342299433,-0.4350513815879822,0.23094885051250458,149.350830078125
